{"28.459,1000,25": [178.575, 28.459, 6.275], "26.32,1000,25": [199.480459497756, 26.32, 7.579044813745], "26.320000014901,1000,25": [199.480459496575, 26.320000014901, 7.579044809409], "26.240745849609,1000,25": [199.466271979527, 26.240745849609, 7.601394911666], "26.307839680971,1000,25": [199.480934540554, 26.307839680971, 7.582566146047], "26.307839695872,1000,25": [199.48093454057, 26.307839695872, 7.582566141752], "26.32,200,20": [41.422204441077, 26.32, 1.573791962047], "26.320000014901,200,20": [41.422204459631, 26.320000014901, 1.573791961861], "27.565137691498,200,20": [42.575495840537, 27.565137691498, 1.544541381111], "27.565137706399,200,20": [42.575495846845, 27.565137706399, 1.544541380505], "28.206516849404,200,20": [42.528941388366, 28.206516849404, 1.507770052411], "27.838888634312,200,20": [42.641054826745, 27.838888634312, 1.531708229695], "27.838888649214,200,20": [42.641054827292, 27.838888649214, 1.531708228895], "27.864881178087,200,20": [42.641455248803, 27.864881178087, 1.530293812354], "27.864881192988,200,20": [42.641455248711, 27.864881192988, 1.530293811532], "27.861138889949,200,20": [42.641466557345, 27.861138889949, 1.530499766208], "27.86113890485,200,20": [42.641466557346, 27.86113890485, 1.530499765389], "26.32,200,30": [41.228438586919, 26.32, 1.566430037497], "26.320000014901,200,30": [41.22843860214, 26.320000014901, 1.566430037188], "27.341464347839,200,30": [41.850095374493, 27.341464347839, 1.530645719705], "27.341464362741,200,30": [41.850095374769, 27.341464362741, 1.530645718881], "27.360328183619,200,30": [41.8501576109, 27.360328183619, 1.529592676303], "27.36032819852,200,30": [41.850157610721, 27.36032819852, 1.529592675463], "27.352906964739,200,30": [41.850201707774, 27.352906964739, 1.530009287924], "27.35290697964,200,30": [41.850201707775, 27.35290697964, 1.530009287091], "26.32,1000,45": [189.267649655157, 26.32, 7.191020123676], "26.320000014901,1000,45": [189.26764954968, 26.320000014901, 7.191020115598], "19.241558380127,1000,45": [153.512089130375, 19.241558380127, 7.978152605816], "24.254654996432,1000,45": [189.100800392091, 24.254654996432, 7.796474549727], "25.298980241437,1000,45": [192.269299196572, 25.298980241437, 7.599883369277], "25.298980256338,1000,45": [192.269299205885, 25.298980256338, 7.599883365169], "25.381816337957,1000,45": [192.300891336665, 25.381816337957, 7.576325065795], "25.381816352858,1000,45": [192.300891338656, 25.381816352858, 7.576325061425], "25.404341119547,1000,45": [192.302351435304, 25.404341119547, 7.56966498483], "25.404341134448,1000,45": [192.30235143524, 25.404341134448, 7.569664980387], "25.403639858419,1000,45": [192.302352921211, 25.403639858419, 7.569874002031], "25.40363987332,1000,45": [192.302352921211, 25.40363987332, 7.569873997591], "26.32,600,45": [119.859470508021, 26.32, 4.553931250305], "26.320000014901,600,45": [119.859470503968, 26.320000014901, 4.553931247573], "26.048007316589,600,45": [119.782412473485, 26.048007316589, 4.598524985717], "26.253387568462,600,45": [119.868042019358, 26.253387568462, 4.565812381613], "26.253387583363,600,45": [119.868042019539, 26.253387583363, 4.565812379028], "26.256235245327,600,45": [119.868059820735, 26.256235245327, 4.565317864528], "26.256235260228,600,45": [119.86805982074, 26.256235260228, 4.565317861937], "26.32,400,20": [82.649302116733, 26.32, 3.140171053067], "26.320000014901,400,20": [82.649302152558, 26.320000014901, 3.140171052651], "28.724174804688,400,20": [82.864254174638, 28.724174804688, 2.884826273969], "27.568518006477,400,20": [84.756042226172, 27.568518006477, 3.074377890254], "27.568518021378,400,20": [84.75604223482, 27.568518021378, 3.074377888906], "27.965809375499,400,20": [84.751982005583, 27.965809375499, 3.030557094472], "27.76372618963,400,20": [84.816407740876, 27.76372618963, 3.054936039981], "27.763726204531,400,20": [84.81640774118, 27.763726204531, 3.054936038353], "27.770838245612,400,20": [84.816472991043, 27.770838245612, 3.054156026581], "27.770838260513,400,20": [84.816472991013, 27.770838260513, 3.054156024941], "27.770199452684,400,20": [84.816473665995, 27.770199452684, 3.05422630509], "26.32,800,20": [163.150428457986, 26.32, 6.198724485486], "26.320000014901,800,20": [163.150428502694, 26.320000014901, 6.198724483675], "29.320303268433,800,20": [141.107161011006, 29.320303268433, 4.812609191629], "26.754983302597,800,20": [164.113100556865, 26.754983302597, 6.133926480191], "26.754983317498,800,20": [164.113100576509, 26.754983317498, 6.133926477509], "27.095903163425,800,20": [164.266486360288, 27.095903163425, 6.062410445208], "27.095903178326,800,20": [164.266486352862, 27.095903178326, 6.0624104416], "27.002379839971,800,20": [164.287245965746, 27.002379839971, 6.084176540712], "27.002379854872,800,20": [164.287245966463, 27.002379854872, 6.084176537381], "27.010614587746,800,20": [164.28745071637, 27.010614587746, 6.082329233297], "27.010614602647,800,20": [164.287450716393, 27.010614602647, 6.082329229943], "26.32,200,40": [40.873438782188, 26.32, 1.552942202971], "26.320000014901,200,40": [40.873438791733, 26.320000014901, 1.552942202454], "26.960553951263,200,40": [41.045049539384, 26.960553951263, 1.522411209116], "26.960553966165,200,40": [41.045049536499, 26.960553966165, 1.522411208168], "26.811881408725,200,40": [41.055279126358, 26.811881408725, 1.531234548613], "26.811881423626,200,40": [41.055279127103, 26.811881423626, 1.53123454779], "26.842393973222,200,40": [41.056090451138, 26.842393973222, 1.529524173295], "26.842393988123,200,40": [41.056090451181, 26.842393988123, 1.529524172447], "26.844263078967,200,40": [41.056093139952, 26.844263078967, 1.529417776125], "26.844263093868,200,40": [41.056093139951, 26.844263093868, 1.529417775276], "26.32,1000,40": [192.408327384582, 26.32, 7.310346785128], "26.320000014901,1000,40": [192.408327307302, 26.320000014901, 7.310346778054], "21.1338256073,1000,40": [167.921719938436, 21.1338256073, 7.945637626556], "24.96265016968,1000,40": [192.889113234583, 24.96265016968, 7.727108777451], "25.591574534632,1000,40": [194.096598291006, 25.591574534632, 7.58439454471], "25.591574549533,1000,40": [194.09659829453, 25.591574549533, 7.584394540432], "25.623342467977,1000,40": [194.10100292385, 25.623342467977, 7.575163278032], "25.623342482878,1000,40": [194.10100292445, 25.623342482878, 7.57516327365], "25.629861318674,1000,40": [194.101132526703, 25.629861318674, 7.57324162286], "25.629861333575,1000,40": [194.101132526696, 25.629861333575, 7.573241618456], "25,200,20": [39.608, 25.0, 1.584], "25.26,200,20": [39.983, 25.26, 1.583], "25.52,200,20": [40.352, 25.52, 1.581], "25.78,200,20": [40.713, 25.78, 1.579], "26.04,200,20": [41.063, 26.04, 1.577], "26.3,200,20": [41.397, 26.3, 1.574], "26.56,200,20": [41.711, 26.56, 1.57], "26.82,200,20": [41.999, 26.82, 1.566], "27.08,200,20": [42.249, 27.08, 1.56], "27.34,200,20": [42.452, 27.34, 1.553], "27.6,200,20": [42.59, 27.6, 1.543], "27.86,200,20": [42.641, 27.86, 1.531], "28.12,200,20": [42.58, 28.12, 1.514], "27.86,200,30": [41.602, 27.86, 1.493], "27.6,200,30": [41.796, 27.6, 1.514], "27.34,200,30": [41.85, 27.34, 1.531], "27.08,200,30": [41.795, 27.08, 1.543], "27.34,1000,25": [195.242, 27.34, 7.141], "27.6,1000,25": [192.586, 27.6, 6.978], "27.08,1000,25": [197.206, 27.08, 7.282], "26.82,1000,25": [198.526, 26.82, 7.402], "26.56,1000,25": [199.261, 26.56, 7.502], "26.3,1000,25": [199.481, 26.3, 7.585], "26.04,1000,25": [199.258, 26.04, 7.652], "26.3,1000,45": [189.407, 26.3, 7.202], "26.04,1000,45": [190.902, 26.04, 7.331], "25.78,1000,45": [191.834, 25.78, 7.441], "25.52,1000,45": [192.26, 25.52, 7.534], "25.26,1000,45": [192.241, 25.26, 7.61], "25.26,600,45": [118.267, 25.26, 4.682], "25.52,600,45": [118.934, 25.52, 4.66], "25.78,600,45": [119.45, 25.78, 4.633], "26.04,600,45": [119.776, 26.04, 4.6], "26.3,600,45": [119.864, 26.3, 4.558], "26.56,600,45": [119.66, 26.56, 4.505], "26.3,400,20": [82.601, 26.3, 3.141],