{"26.32,200,25": [41.34071748, 26.32, 1.57069595], "26.32000001,200,25": [41.34071749, 26.32000001, 1.57069595], "26.9910887,200,25": [41.99227755, 26.9910887, 1.55578302], "26.99108871,200,25": [41.99227756, 26.99108871, 1.55578302], "30.34653217,200,25": [25.95461202, 30.34653217, 0.8552744], "27.32663304,200,25": [42.1874751, 27.32663304, 1.54382265], "27.32663306,200,25": [42.18747511, 27.32663306, 1.54382265], "44.10385043,200,25": [-944.65669282, 44.10385043, -21.41891657], "29.00435478,200,25": [39.57376555, 29.00435478, 1.36440772], "27.57919243,200,25": [42.24556446, 27.57919243, 1.53179121], "27.57919245,200,25": [42.24556446, 27.57919245, 1.53179121], "26.32,400,25": [82.46829286, 26.32, 3.1332938], "26.32000001,400,25": [82.46829288, 26.32000001, 3.1332938], "27.66217739,400,25": [84.0277694, 27.66217739, 3.03764119], "27.66217741,400,25": [84.02776939, 27.66217741, 3.03764119], "27.21478514,400,25": [83.91950088, 27.21478514, 3.08359961], "27.49776832,400,25": [84.05616465, 27.49776832, 3.05683587], "27.49776834,400,25": [84.05616465, 27.49776834, 3.05683587], "26.32,600,25": [122.97585186, 26.32, 4.6723348], "26.32000001,600,25": [122.97585188, 26.32000001, 4.6723348], "27.66217644,600,25": [123.79582216, 27.66217644, 4.47527411], "27.66217645,600,25": [123.79582214, 27.66217645, 4.47527411], "26.99108798,600,25": [124.23504723, 26.99108798, 4.60281732], "26.991088,600,25": [124.23504724, 26.991088, 4.60281732], "27.21478403,600,25": [124.32774034, 27.21478403, 4.56838975], "27.21478404,600,25": [124.32774034, 27.21478404, 4.56838975], "26.32,800,25": [162.30747208, 26.32, 6.16669727], "26.32000001,800,25": [162.3074721, 26.32000001, 6.16669727], "27.66217834,800,25": [160.17941111, 27.66217834, 5.79055666], "26.6276543,800,25": [162.77243096, 26.6276543, 6.11290913], "26.62765431,800,25": [162.77243097, 26.62765431, 6.11290912], "26.93530685,800,25": [162.76521638, 26.93530685, 6.0428202], "26.77628677,800,25": [162.83496903, 26.77628677, 6.08131256], "26.77628679,800,25": [162.83496903, 26.77628679, 6.08131256], "26.32,1000,25": [199.4804595, 26.32, 7.57904481], "26.32000001,1000,25": [199.4804595, 26.32000001, 7.57904481], "25,200,25": [39.593, 25.0, 1.584], "25.26,400,25": [79.779, 25.26, 3.158], "25.52,400,25": [80.489, 25.52, 3.154], "25.78,600,25": [121.278, 25.78, 4.704], "26.04,600,25": [122.15, 26.04, 4.691], "26.3,800,25": [162.263, 26.3, 6.17], "26.56,1000,25": [199.261, 26.56, 7.502], "26.82,1000,25": [198.526, 26.82, 7.402], "26.56,800,25": [162.707, 26.56, 6.126], "26.82,600,25": [124.037, 26.82, 4.625], "26.56,400,25": [82.967, 26.56, 3.124], "26.82,200,25": [41.853, 26.82, 1.561], "26.56,200,25": [41.604, 26.56, 1.566], "26.82,400,25": [83.429, 26.82, 3.111], "27.08,400,25": [83.786, 27.08, 3.094], "27.34,600,25": [124.284, 27.34, 4.546], "27.6,600,25": [123.937, 27.6, 4.49], "27.34,800,25": [161.837, 27.34, 5.919], "27.08,1000,25": [197.206, 27.08, 7.282]}